5483,606609463,SLAB,Silicon
5484,318113187,SLAC,Social
5485,812837778,SLAM,Slam
5486,247447876,SLB,Schlumberger
5487,322104823,SLCA,U.S.
5488,294370838,SLCR,Silver
5489,123516065,SLCT,Select
5490,754903326,SLDB,Solid
5491,654516547,SLF,Sun
5492,910101202,SLG,SL
5493,203010075,SLGG,Super
5494,637340392,SLGL,Sol-Gel
5495,194750909,SLGN,Silgan
5496,961221896,SLM,SLM
5497,28557627,SLN,Silence
5498,990355800,SLNG,Stabilis
5499,51258403,SLNM,Salon
5500,481672045,SLNO,Soleno
5501,36263022,SLP,Simulations
5502,383905185,SLQT,SelectQuote
5503,859874929,SLRC,Solar
5504,470134142,SLRX,Salarius
5505,219913829,SLS,SELLAS
5506,519988157,SLVR,SilverSPAC
5507,98888644,SM,SM
5508,565417594,SMAR,Smartsheet
5509,958219185,SMBC,Southern
5510,859534479,SMBK,SmartFinancial
5511,707482375,SMCI,Super
5512,257023103,SMDM,Singing
5513,171195453,SMED,Sharps
5514,796986932,SMFG,Sumitomo
5515,788319518,SMG,Scotts
5516,358844299,SMGI,SMG
5517,289993164,SMHI,Seacor
5518,1025441990,SMICY,Semiconductor
5519,851222027,SMID,Smith-Midland
5520,687141162,SMIT,Schmitt
5521,639520524,SMLP,Summit
5522,19332381,SMLR,Semler
5523,258241050,SMMC,South
5524,154106251,SMME,SmartMetric
5525,72817884,SMMF,Summit
5526,812057990,SMMT,Summit
5527,162814503,SMP,Standard
5528,559113688,SMPL,Simply
5529,584486501,SMRT,Stein
5530,84674778,SMRTQ,Stein
5531,331276371,SMSI,Smith
5532,561862015,SMTC,Semtech
5533,794640918,SMTI,Sanara
5534,56143472,SMTS,Sierra
5535,320642471,SMTX,SMTC
5536,328798310,SMXT,SolarMax
5537,173360724,SNA,Snap-on
5538,376435989,SNAP,Snap
5539,202935405,SNBP,Sun
5540,610068741,SNBR,Sleep
5541,433838222,SNCA,Seneca
5542,274483862,SNCR,Synchronoss
5543,438837064,SNCY,Sun
5544,275780126,SND,Smart
5545,941834573,SNDD,RedHawk
5546,986648999,SNDE,Sundance
5547,136404196,SNDL,Sundial
5548,556761784,SNDR,Schneider
5549,720943558,SNDX,Syndax
5550,472557666,SNE,Sony
5551,546141525,SNECQ,Sanchez
5552,224466393,SNES,SenesTech
5553,24949763,SNEX,StoneX
5554,169392253,SNFCA,Security
5555,287863110,SNGX,Soligenix
5556,1004202589,SNII,Supernova
5557,884160604,SNMP,Sanchez
5558,26985442,SNN,Smith
5559,780131600,SNOA,Sonoma
5560,456863901,SNOW,Snowflake
5561,188565794,SNP,China
5562,956743651,SNPR,Tortoise
5563,135388922,SNPS,Synopsys
5564,982699069,SNR,New
5565,1000374586,SNRH,Senior
5566,614008895,SNSE,Sensei
5567,645693102,SNSS,Sunesis
5568,273133459,SNV,Synovus
5569,849213518,SNX,Synnex
5570,523990671,SNY,Sanofi
5571,26562740,SO,Southern
5572,640211355,SOAC,Sustainable
5573,523082278,SOFO,Sonic
5574,586611196,SOFT,SofTech
5575,204050907,SOGO,Sogou
5576,792201566,SOHO,Sotherly
5577,989395627,SOHU,Sohu.com
5578,176070223,SOI,Solaris
5579,476905264,SOL,ReneSola
5580,128587611,SOLO,Electrameccanica
5581,858093485,SOLY,Soliton
5582,140404684,SON,Sonoco
5583,836363858,SONA,Southern
5584,639240321,SONM,Sonim
5585,139535199,SONN,Sonnet
5586,445416662,SONO,Sonos
5587,992162775,SORL,SORL
5588,669697125,SOS,SOS
5589,68830054,SOTK,Sono-Tek
5590,900200814,SP,SP
5591,718958,SPAQ,Spartan
5592,333326128,SPAR,Spartan
5593,689865115,SPB,Spectrum
5594,129532656,SPCB,SuperCom
5595,45795074,SPCE,Virgin
5596,33160061,SPDC,Speed
5597,784824525,SPEL,Spinal
5598,627174630,SPFI,South
5599,967658344,SPFR,Jaws
5600,782937128,SPG,Simon
5601,140908938,SPGI,S&P
5602,924078577,SPGL,SPGL
5603,175826142,SPGS,Simon
5604,533937682,SPH,Suburban
5605,30607860,SPHS,Sophiris
5606,33292180,SPI,SPI
5607,692319377,SPKB,Silver
5608,488457687,SPKE,Spark
5609,1050813254,SPLK,Splunk
5610,292945500,SPLP,Steel
5611,568518802,SPN,Superior
5612,112673323,SPND,Spindletop
5613,1021131243,SPNE,SeaSpine
5614,54678436,SPNG,Spinning
5615,672331753,SPNS,Sapiens
5616,321222182,SPNT,SiriusPoint
5617,408736262,SPNV,Supernova
5618,533276986,SPNX,Superior
5619,915571780,SPOK,Spok
5620,590196630,SPOT,Spotify
5621,939898355,SPOWF,Strata
5622,777322100,SPPI,Spectrum
5623,752752777,SPPJY,Sappi
5624,629418865,SPR,Spirit
5625,506796416,SPRB,Spruce
5626,343447828,SPRO,Spero
5627,686665926,SPRQ,Spartan
5628,993671369,SPRS,Surge
5629,437075759,SPRT,Support.com
5630,909659874,SPSC,SPS
5631,545804503,SPT,Sprout
5632,316507313,SPTK,SportsTek
5633,384819351,SPTN,SpartanNash
5634,984969210,SPWH,Sportsman's
5635,141894370,SPWR,SunPower
5636,2647689,SPXC,SPX
5637,299260150,SQ,Square
5638,829254036,SQBG,Sequential
5639,375298587,SQFT,Presidio
5640,459084013,SQM,Sociedad
5641,486857975,SQNS,Sequans
5642,938612492,SQZ,SQZ
5643,222928003,SR,Spire
5644,176031782,SRAC,Stable
5645,1026805864,SRAX,SRAX
5646,499052048,SRC,Spirit
5647,476633154,SRCE,1st
5648,910387910,SRCH,Searchlight
5649,90919840,SRCL,Stericycle
5650,88898052,SRDX,SurModics
5651,163937660,SRE,Sempra
5652,442847519,SREV,ServiceSource
5653,244376487,SRG,Seritage
5654,357242227,SRGA,Surgalign
5655,260186535,SRGZ,Star
5656,12004109,SRI,Stoneridge
5657,1020105332,SRL,Scully
5658,42838354,SRLP,Sprague
5659,535418321,SRNA,Surna
5660,569462334,SRNE,Sorrento
5661,361631866,SRNG,Soaring
5662,145185557,SRPT,Sarepta
5663,870971449,SRRA,Sierra
5664,768164268,SRRK,Scholar
5665,805201624,SRSA,Sarissa
5666,958677843,SRT,Startek
5667,1070128656,SRTS,Sensus
5668,157398182,SSAA,Science
5669,156908680,SSB,South
5670,35014504,SSBI,Summit
5671,155958811,SSBP,SSB
5672,11396328,SSD,Simpson
5673,640481090,SSI,Stage
5674,948482138,SSINQ,Stage
5675,809316535,SSKN,STRATA
5676,623392996,SSL,Sasol
5677,519702638,SSNC,SS&C
5678,1058560402,SSNLF,Samsung
5679,68126237,SSNT,SilverSun
5680,706507694,SSP,E.W.
5681,751098421,SSPK,Silver
5682,443640528,SSRM,SSR
5683,130480386,SSSS,SuRo
5684,703445001,SSTI,ShotSpotter
5685,527472531,SSTK,Shutterstock
5686,898120704,SSUMY,Sumitomo
5687,941441899,SSY,SunLink
5688,1009549521,SSYS,Stratasys
5689,151240035,ST,Sensata
5690,624383038,STAA,STAAR
5691,8392668,STAF,Staffing
5692,240071784,STAG,Stag
5693,497008457,STAR,iStar
5694,1057874163,STAY,Extended
5695,1051639554,STBA,S&T
5696,786318508,STC,Stewart
5697,73679321,STCN,Steel
5698,381180810,STE,Steris
5699,847579343,STEP,StepStone
5700,275208010,STFC,State
5701,852839288,STG,Sunlands
5702,1035614065,STIC,Northern
5703,798323810,STIM,Neuronetics
5704,944479916,STKL,SunOpta
5705,784552190,STKS,ONE
5706,95431075,STL,Sterling
5707,902566739,STLA,Stellantis
5708,971562655,STLD,Steel
5709,20063657,STM,STMicroelectronics
5710,392456811,STMH,Stem
5711,206295211,STML,Stemline
5712,519550146,STMP,Stamps.com
5713,185831096,STN,Stantec
5714,120660538,STND,Standard
5715,975542137,STNE,StoneCo
5716,600752312,STNG,Scorpio
5717,381849388,STOK,Stoke
5718,720591331,STON,StoneMor
5719,298413782,STOR,STORE
5720,64113052,STPC,Star
5721,996129477,STPK,Star
5722,447388980,STRA,Strategic
5723,446701904,STRE,Supernova
5724,444801686,STRI,STR
5725,798807715,STRL,Sterling
5726,590268517,STRM,Streamline
5727,104759137,STRO,Sutro
5728,742130434,STRR,Star
5729,371199759,STRS,Stratus
5730,392445888,STRT,STRATTEC
5731,606477163,STSA,Satsuma
5732,938246403,STT,State
5733,687578159,STTK,Shattuck
5734,107877826,STWD,Starwood
5735,252906686,STWO,ACON
5736,238464120,STX,Seagate
5737,49108842,STXB,Spirit
5738,517555907,STXS,Stereotaxis
5739,15090424,STZ,Constellation
5740,466477857,SU,Suncor
5741,147966928,SUBCY,Subsea
5742,36753002,SUI,Sun
5743,791850491,SUM,Summit
5744,653919677,SUMO,Sumo
5745,576738563,SUMR,Summer
5746,82774525,SUN,Sunoco
5747,515200201,SUNS,Solar
5748,543140049,SUNW,Sunworks
5749,597123865,SUP,Superior
5750,419334209,SUPN,Supernus
5751,775721394,SUPV,Grupo
5752,181516518,SURF,Surface
5753,530666555,SUWN,Sunwin
5754,778144454,SUZ,Suzano
5755,131959216,SV,Spring
5756,801966859,SVA,Sinovac
5757,505738619,SVAC,Starboard
5758,589941359,SVBI,Severn
5759,365058267,SVBL,Silver
5760,848385821,SVC,Service
5761,4858320,SVFA,SVF
5762,106841333,SVFB,SVF
5763,651354644,SVFC,SVF
5764,832106563,SVII,Spring
5765,713986538,SVM,Silvercorp
5766,1035943436,SVMK,SurveyMonkey
5767,507067437,SVOK,Seven
5768,713855542,SVRA,Savara
5769,48618257,SVT,Servotronics
5770,1484316,SVVC,Firsthand
5771,603938101,SWAG,Software
5772,258614166,SWAV,ShockWave
5773,137815442,SWBI,Smith
5774,137967012,SWBK,Switchback
5775,404327970,SWBT,Switchback
5776,703127566,SWCH,Switch
5777,107977141,SWET,Athlon
5778,221324843,SWI,SolarWinds
5779,1051967488,SWIR,Sierra
5780,904750434,SWK,Stanley
5781,165159249,SWKH,SWK
5782,68091909,SWKS,Skyworks
5783,327758771,SWM,Schweitzer-Mauduit
5784,835820510,SWN,Southwestern
5785,530967764,SWSS,Springwater
5786,907390259,SWTX,Springworks
5787,768134726,SWX,Southwest
5788,286230487,SXC,SunCoke
5789,181420637,SXI,Standex
5790,780070595,SXT,Sensient
5791,685898519,SXTC,China
5792,511041155,SXYAY,Sika
5793,854928692,SY,So-Young
5794,236613150,SYATF,Siyata
5795,398816735,SYBT,Stock
5796,175570255,SYBX,Synlogic
5797,261788358,SYEV,Seychelle
5798,517045594,SYF,Synchrony
5799,81616538,SYK,Stryker
5800,164818105,SYKE,Sykes
5801,702211594,SYN,Synthetic
5802,7489769,SYNA,Synaptics
5803,594156086,SYNC,Synacor
5804,161101527,SYNE,Synthesis
5805,442342868,SYNH,Syneos
5806,730772461,SYNL,Synalloy
5807,490748793,SYPR,Sypris
5808,895878695,SYRS,Syros
5809,633892575,SYTA,Siyata
5810,579029747,SYX,Systemax
5811,301066573,SYY,Sysco
5812,131629559,SZZL,Sizzle
5813,266509491,T,AT&T
5814,53892530,TA,TravelCenters
5815,943259104,TAC,TransAlta
5816,288392848,TACA,Trepont
5817,767918412,TACO,Del
5818,316679919,TACT,TransAct
5819,42652490,TAIT,Taitron
5820,723921796,TAK,Takeda
5821,676862179,TAL,TAL
5822,683626090,TALN,Talon
5823,7170307,TALO,Talos
5824,894079843,TANH,Tantech
5825,299633669,TAOP,Taoping
5826,394304355,TAP,Molson
5827,1028912631,TARA,ArTara
5828,1061334903,TARO,Taro
5829,1071889303,TARS,Tarsus
5830,864848617,TAST,Carrols
5831,270541789,TAT,TransAtlantic
5832,789050238,TATT,TAT
5833,943921278,TAYD,Taylor
5834,890944247,TBA,Thoma
5835,1042672855,TBBA,TEB
5836,812718518,TBBK,The
5837,658285957,TBCP,Thunder
5838,898365118,TBI,TrueBlue
5839,319825707,TBIO,Translate
5840,871458301,TBK,Triumph
5841,511439522,TBLT,Toughbuilt
5842,764869476,TBNK,Territorial
5843,624400879,TBPH,Theravance
5844,402443942,TBSA,TB
5845,888076611,TC,TuanChe
5846,132264315,TCAC,Tuatara
5847,57105656,TCBI,Texas
5848,478361966,TCBK,TriCo
5849,165195948,TCCO,Technical
5850,249868216,TCDA,Tricida
5851,1855380,TCEHY,Tencent
5852,216254025,TCF,TCF
5853,618807322,TCFC,Community
5854,291006961,TCG,TCG
5855,554796542,TCI,Transcontinental
5856,313222083,TCMD,Tactile
5857,608573636,TCNNF,Trulieve
5858,266685172,TCO,Taubman
5859,624249947,TCOA,Trajectory
5860,182359005,TCOM,Trip.com
5861,656777572,TCON,TRACON
5862,492130965,TCP,TC
5863,540516116,TCPC,Blackrock
5864,503717058,TCRD,THL
5865,93852733,TCRR,TCR2
5866,544895928,TCS,Container
5867,806083999,TCX,Tucows
5868,613566743,TD,Toronto-Dominion
5869,912267393,TDAC,Trident
5870,780921366,TDC,Teradata
5871,1019640999,TDG,TransDigm
5872,544461467,TDOC,Teladoc
5873,535352050,TDS,Telephone
5874,142057847,TDUP,ThredUp
5875,699187896,TDW,Tidewater
5876,495929791,TDY,Teledyne
5877,834260023,TEAM,Atlassian
5878,240856597,TEAR,TearLab
5879,916545340,TECD,Tech
5880,159909406,TECH,Bio-Techne
5881,74089311,TECK,Teck
5882,235242991,TEDU,Tarena
5883,1073398493,TEF,Telefonica
5884,405377004,TEGY,TransAct
5885,93055218,TEKC,Tekkorp
5886,453429567,TEKK,Tekkorp
5887,315793025,TEL,TE
5888,451482789,TELA,TELA
5889,41534044,TELL,Tellurian
5890,972931840,TEN,Tenneco
5891,1049016512,TENB,Tenable
5892,282009907,TENX,Tenax
5893,972471393,TEO,Telecom
5894,733599060,TER,Teradyne
5895,939073274,TERN,Terns
5896,36944804,TERP,TerraForm
5897,618948105,TESS,TESSCO
5898,84038381,TETC,Tech
5899,364672491,TEUM,Pareteum
5900,942945442,TEVA,Teva
5901,939332638,TEX,Terex
5902,852325277,TFC,Truist
5903,466010876,TFFP,TFF
5904,837096788,TFII,TFI
5905,408319300,TFSL,TFS
5906,1022059782,TFX,Teleflex
5907,944318033,TG,Tredegar
5908,579815560,TGA,TransGlobe
5909,381982180,TGAA,Target
5910,478528366,TGAN,Transphorm
5911,205968839,TGB,Taseko
5912,768909173,TGC,Tengasco
5913,14128713,TGEN,Tecogen
5914,105617531,TGH,Textainer
5915,509399391,TGHI,Touchpoint
5916,106298358,TGI,Triumph
5917,764276090,TGLS,Tecnoglass
5918,41423349,TGNA,Tegna
5919,384676018,TGP,Teekay
5920,176960775,TGS,Transportadora
5921,283092499,TGT,Target
5922,61941689,TGTX,TG
5923,70092643,TH,Target
5924,405386331,THBR,Thunder
5925,677282285,THC,Tenet
5926,880386795,THCA,Tuscan
5927,602114251,THCB,Tuscan
5928,789971919,THCP,Thunder
5929,409599599,THFF,First
5930,652285533,THG,Hanover
5931,249279591,THM,International
5932,121226834,THMA,Thimble
5933,722360107,THMO,ThermoGenesis
5934,513632663,THO,Thor
5935,472939834,THR,Thermon
5936,310007736,THRM,Gentherm
5937,843793596,THRY,Thryv
5938,646857644,THS,TreeHouse
5939,461259672,THTX,Theratechnologies
5940,648787056,TIF,Tiffany
5941,239968315,TIG,Trean
5942,346245026,TIGO,Millicom
5943,1025656229,TIGR,UP
5944,404170831,TIKK,Tel-Instrument
5945,888844546,TIL,Instil
5946,257897199,TILE,Interface
5947,373861065,TIMB,TIM
5948,320688010,TINV,Tiga
5949,230339187,TIOA,Tio
5950,788294089,TIPT,Tiptree
5951,952027496,TIRX,Tian
5952,259143984,TISI,Team
5953,833052990,TITN,Titan
5954,62310867,TIVO,TiVo
5955,366933543,TIXT,TELUS
5956,1044278816,TJX,TJX
5957,587183749,TK,Teekay
5958,968175800,TKAT,Takung
5959,151974309,TKC,Turkcell
5960,430979325,TKLS,Trutankless
5961,587821485,TKOI,Telkonet
5962,545459785,TKR,Timken
5963,153744164,TLC,Taiwan
5964,852437061,TLF,Tandy
5965,14345997,TLFA,Tandy
5966,319047603,TLGA,TLG
5967,469917829,TLGT,Teligent
5968,102715940,TLIS,Talis
5969,671718267,TLK,Telkom
5970,666034345,TLMD,SOC
5971,362489451,TLND,Talend
5972,444384051,TLRD,Tailored
5973,381162806,TLRDQ,Tailored
5974,719988808,TLRS,Timberline
5975,1064290575,TLRY,Tilray
5976,283008205,TLS,Telos
5977,700433855,TLSA,Tiziana
5978,274578187,TLSS,Transportation
5979,945308529,TLYS,Tilly's
5980,779083919,TM,Toyota
5981,851460761,TMAC,Music
5982,982440654,TMBR,Timber
5983,139552841,TMDI,Titan
5984,97255017,TMDX,TransMedics
5985,612363691,TME,Tencent
5986,458014196,TMHC,Taylor
5987,613816205,TMKR,Tastemaker
5988,576749163,TMO,Thermo
5989,90934142,TMOAF,TomTom
5990,689261184,TMP,Tompkins
5991,10248143,TMPM,Turmeric
5992,128176185,TMPS,Tempus
5993,405842124,TMQ,Trilogy
5994,239360587,TMRC,Texas
5995,854292365,TMSR,TMSR
5996,208468916,TMST,TimkenSteel
5997,807095486,TMTS,Spartacus
5998,296202056,TMUS,T-Mobile
5999,101027871,TMX,Terminix
6000,187135784,TNAV,Telenav
6001,935786084,TNC,Tennant
6002,681887076,TNDM,Tandem
6003,104915384,TNET,TriNet
6004,371664016,TNK,Teekay
6005,1070725218,TNL,Travel+Leisure
6006,984009854,TNLX,Trans-Lux
6007,926226358,TNP,Tsakos
6008,812564347,TNXP,Tonix
6009,84134574,TOCA,Tocagen
6010,79145804,TOFB,Tofutti
6011,552867183,TOL,Toll
6012,995766328,TOMZ,TOMI
6013,746681379,TONY,Tony
6014,238624835,TOPS,Top
6015,838415523,TORC,resTORbio
6016,574018741,TORM,TOR
6017,609427882,TOT,Total
6018,946000749,TOTA,Tottenham
6019,949691841,TOUR,Tuniu
6020,674725654,TOWN,TowneBank
6021,282683822,TOWTF,Tower
6022,955081598,TPB,Turning
6023,167103215,TPBA,TPB
6024,126789055,TPC,Tutor
6025,1021490394,TPCO,Tribune
6026,557707190,TPCS,Techprecision
6027,389186452,TPGS,TPG
6028,75103047,TPGT,TPG
6029,105615967,TPGY,TPG
6030,702708660,TPH,TRI
6031,414299685,TPHS,Trinity
6032,567285166,TPIC,TPI
6033,1055591513,TPL,Texas
6034,752360187,TPR,Tapestry
6035,90081025,TPRE,Third
6036,839885495,TPTX,Turning
6037,693522509,TPVG,TriplePoint
6038,622637584,TPX,Tempur
6039,560959602,TR,Tootsie
6040,331880542,TRAC,Track
6041,63511011,TRAQ,Trine
6042,403551160,TRC,Tejon
6043,907118456,TRCA,Twin
6044,659166426,TRCH,Torchlight
6045,659181503,TRCK,Track
6046,101139371,TREB,Trebia
6047,696204275,TREC,Trecora
6048,710906104,TREE,LendingTree
6049,194730050,TREX,Trex
6050,100250569,TRGP,Targa
6051,39986606,TRHC,Tabula
6052,844990483,TRI,Thomson
6053,696094590,TRIB,Trinity
6054,990480092,TRIL,Trillium
6055,252697046,TRIN,Trinity
6056,911285789,TRIP,TripAdvisor
6057,276790886,TRIT,Triterras
6058,541490573,TRMB,Trimble
6059,818754269,TRMD,Torm
6060,187157101,TRMK,Trustmark
6061,1043068377,TRMT,Tremont
6062,206295351,TRN,Trinity
6063,502717458,TRNE,Trine
6064,557949238,TRNO,Terreno
6065,944541472,TRNS,Transcat
6066,310307154,TRNX,Taronis
6067,56835217,TRNY,Trinity
6068,446862926,TROV,TrovaGene
6069,618566118,TROW,T.
6070,501079746,TROX,Tronox
6071,580166305,TRP,TC
6072,821542195,TRQ,Turquoise
6073,485124793,TRS,TriMas
6074,405614614,TRST,TrustCo
6075,331628006,TRT,Trio-Tech
6076,126358384,TRTC,Terra
6077,802077792,TRTL,TortoiseEcofin
6078,1029251123,TRTN,Triton
6079,901957633,TRTX,TPG
6080,111486378,TRU,TransUnion
6081,955868072,TRUE,TrueCar
6082,643074210,TRUP,Trupanion
6083,90169798,TRV,Travelers
6084,373186439,TRVG,Trivago
6085,341565633,TRVI,Trevi
6086,175730096,TRVN,Trevena
6087,292993267,TRWH,Twin
6088,773266652,TRX,Tanzanian
6089,255761586,TRXC,TransEnterix
6090,298092764,TS,Tenaris
6091,739495995,TSBK,Timberland
6092,84700633,TSC,TriState
6093,803113590,TSCO,Tractor
6094,81439916,TSE,Trinseo
6095,809214964,TSEM,Tower
6096,44997919,TSHA,Taysha
6097,536230530,TSIA,TS
6098,852868712,TSIB,Tishman
6099,339246611,TSLA,Tesla
6100,911562931,TSLX,TPG
6101,1022259922,TSM,Taiwan
6102,135452188,TSN,Tyson
6103,427708103,TSPQ,TCW
6104,1016825135,TSQ,Townsquare
6105,798670377,TSRI,TSR
6106,520485881,TSU,TIM
6107,965081312,TT,Trane
6108,157970680,TTC,Toro
6109,511790985,TTCF,Tattooed
6110,968230129,TTD,The
6111,147835887,TTDKY,TDK
6112,424061050,TTEC,TTEC
6113,748385688,TTEK,Tetra
6114,601441986,TTGT,TechTarget
6115,809809794,TTI,TETRA
6116,660133338,TTLO,Torotel
6117,577993738,TTM,Tata
6118,160451466,TTMI,TTM
6119,825768659,TTNP,Titan
6120,639108673,TTO,Tiga
6121,690434317,TTOO,T2
6122,81653009,TTPH,Tetraphase
6123,690129426,TTRE,Tiga
6124,319696371,TTSH,Tile
6125,2694281,TTWO,Take-Two
6126,617159108,TU,TELUS
6127,368232686,TUES,Tuesday
6128,686516328,TUESQ,Tuesday
6129,167659328,TUFN,Tufin
6130,759264611,TUGC,TradeUP
6131,551115536,TUP,Tupperware
6132,767935483,TURN,180
6133,538802953,TUSK,Mammoth
6134,70794121,TUYA,Tuya
6135,324757848,TV,Grupo
6136,951711857,TVAC,Thayer
6137,414628,TVTX,Travere
6138,73501100,TVTY,Tivity
6139,304115955,TW,Tradeweb
6140,539959002,TWCB,Bilander
6141,811937586,TWCG,Galliot
6142,1011805403,TWCT,TWC
6143,41959944,TWER,Towerstream
6144,899807030,TWI,Titan
6145,508853620,TWIC,Twist
6146,850537542,TWIN,Twin
6147,254864602,TWLO,Twilio
6148,405041337,TWLV,Twelve
6149,454287934,TWMC,Trans
6150,92687454,TWND,Tailwind
6151,24965818,TWNI,Tailwind
6152,418686957,TWNK,Hostess
6153,930996390,TWNT,Tailwind
6154,129630657,TWO,Two
6155,158510310,TWOA,two
6156,293666981,TWOU,2U
6157,359582973,TWST,Twist
6158,652089236,TWTR,Twitter
6159,25475279,TX,Ternium
6160,65185568,TXAC,Therapeutics
6161,532049912,TXG,10X
6162,823583638,TXMD,TherapeuticsMD
6163,428463167,TXN,Texas
6164,480889642,TXRH,Texas
6165,410168115,TXSO,Texas
6166,959338477,TXT,Textron
6167,27708368,TYG,Tortoise
6168,930753990,TYHT,Shineco
6169,870625707,TYL,Tyler
6170,488146079,TYME,Tyme
6171,343814732,TZAC,Tenzing
6172,550602438,TZOO,Travelzoo
6173,515701507,TZPS,TZP
6174,520815410,U,Unity
6175,261027580,UA,Under
6176,934279624,UAA,Under
6177,418714148,UAL,United
6178,706087206,UAMY,United
6179,499710185,UAN,CVR
6180,185406542,UAVS,AgEagle
6181,419123840,UBA,Urstadt
6182,757542236,UBCP,United
6183,418195709,UBER,Uber
6184,332083500,UBFO,United
6185,634548064,UBOH,United
6186,521992252,UBP,Urstadt
6187,203974645,UBS,UBS
6188,377464585,UBSI,United
6189,732446493,UBX,Unity
6190,593689372,UCBI,United
6191,956331879,UCL,uCloudlink
6192,458603672,UCTT,Ultra
6193,357803734,UDR,UDR
6194,942366965,UE,Urban
6195,37584708,UEC,Uranium
6196,224530343,UEIC,Universal
6197,778158637,UEPS,Net
6198,839829492,UFAB,Unique
6199,178405964,UFCS,United
6200,392093559,UFI,Unifi
6201,675710969,UFPI,Universal
6202,868086910,UFPT,UFP
6203,787638588,UFS,Domtar
6204,448720365,UG,United-Guardian
6205,873407424,UGHL,Union
6206,570896836,UGI,UGI
6207,377903652,UGP,Ultrapar
6208,81098891,UGRO,Urban-gro
6209,422923898,UHAL,Amerco
6210,1064190219,UHS,Universal
6211,392026947,UHT,Universal
6212,633076,UI,Ubiquiti
6213,194117570,UIHC,United
6214,523531843,UIS,Unisys
6215,959792511,UK,Ucommune
6216,471293935,UL,Unilever
6217,575239066,ULBI,Ultralife
6218,520701358,ULH,Universal
6219,999432118,ULTA,Ulta
6220,96504110,ULTRF,Ultrapetrol
6221,190164672,ULUR,Uluru
6222,514694781,UMBF,UMB
6223,990195103,UMC,United
6224,548047115,UMH,UMH
6225,545619288,UMPQ,Umpqua
6226,31690660,UMRX,Cogent
6227,466613985,UN,Unilever
6228,838433563,UNAM,Unico
6229,672028105,UNB,Union
6230,483115050,UNF,UniFirst
6231,823719285,UNFI,United
6232,544343951,UNH,UnitedHealth
6233,540211099,UNIT,Uniti
6234,732328695,UNM,Unum
6235,912694810,UNOO,1Sharpe
6236,508771702,UNP,Union
6237,777852236,UNT,Unit
6238,450641491,UNTCQ,Unit
6239,607692981,UNTY,Unity
6240,481076018,UNVR,Univar
6241,359847591,UONE,Urban
6242,784175808,UONEK,Urban
6243,665592943,UPC,Universe
6244,808674635,UPLCQ,Ultra
6245,317389695,UPLD,Upland
6246,946580242,UPS,United
6247,413789705,UPST,Upstart
6248,743713515,UPTD,TradeUP
6249,1058069462,UPWK,Upwork
6250,437465418,URBN,Urban
6251,70091382,URG,Ur-Energy
6252,330375400,URGN,UroGen
6253,1037805387,URI,United
6254,268041356,UROV,Urovant
6255,162672934,USAC,USA
6256,117350070,USAK,USA
6257,170237598,USAP,Universal
6258,406815835,USAS,Americas
6259,1055462451,USAT,USA
6260,894462086,USAU,U.S.
6261,55840221,USB,U.S.
6262,582467455,USCR,U.S.
6263,687712550,USDP,USD
6264,416170386,USEG,U.S.
6265,305866385,USFD,US
6266,635076485,USIO,Usio
6267,918540815,USLM,United
6268,201291116,USM,United
6269,546597667,USNA,USANA
6270,894924341,USPH,U.S.
6271,111555098,USRM,U.S.
6272,285640755,USWS,U.S.
6273,138060031,USX,U.S.
6274,169232383,UTHR,United
6275,53262455,UTI,Universal
6276,386832980,UTL,Unitil
6277,20154361,UTMD,Utah
6278,857545952,UTME,UTime
6279,563517761,UTSI,UTStarcom
6280,379445799,UTXO,UTXO
6281,926877017,UTZ,Utz
6282,531629038,UUU,Universal
6283,192619094,UUUU,Energy
6284,311283572,UVE,Universal
6285,443229674,UVSP,Univest
6286,344429006,UVV,Universal
6287,188026228,UWMC,UWM
6288,184780640,UXIN,Uxin
6289,238685284,V,Visa
6290,729590097,VABK,Virginia
6291,564205587,VAC,Marriott
6292,458093261,VACI,Victory
6293,882896142,VACQ,Vector
6294,406369795,VAL,Valaris
6295,218090682,VALE,Vale
6296,100778279,VALPQ,Valaris
6297,911796317,VALU,Value
6298,802697614,VAPO,Vapotherm
6299,322350628,VAQC,Vector
6300,544475956,VAR,Varian
6301,844462528,VASO,Vaso
6302,329544033,VBFC,Village
6303,85222691,VBIO,Vitality
6304,202104083,VBIV,VBI
6305,799967672,VBLT,Vascular
6306,812915751,VBTX,Veritex
6307,404973330,VC,Visteon
6308,774927693,VCEL,Vericel
6309,885294215,VCKA,Vickers
6310,596399588,VCNX,Vaccinex
6311,269256694,VCRA,Vocera
6312,598407884,VCSY,Vertical
6313,709585415,VCTR,Victory
6314,860411360,VCVC,10X
6315,222407894,VCXA,10x
6316,374492670,VCXB,10x
6317,626328322,VCYT,Veracyte
6318,326288839,VEC,Vectrus
6319,138441221,VECO,Veeco
6320,190795348,VEDL,Vedanta
6321,701041130,VEEV,Veeva
6322,995216715,VEI,Vine
6323,1006377968,VEL,Velocity
6324,990724922,VELO,Velocity
6325,750906034,VEMC,Velocity
6326,566038001,VENA,Venus
6327,432905274,VEON,VEON
6328,626934313,VER,VEREIT
6329,724987008,VERB,Verb
6330,827507676,VERI,Veritone
6331,930300821,VERO,Venus
6332,663156636,VERU,Veru
6333,555962249,VERX,Vertex
6334,590947505,VERY,Vericity
6335,642091198,VET,Vermilion
6336,499542820,VFC,VF
6337,15666764,VFF,Village
6338,571663602,VFRM,Veritas
6339,208823856,VG,Vonage
6340,906869059,VGAC,VG
6341,869712204,VGR,Vector
6342,254116872,VGZ,Vista
6343,749595059,VHAQ,Viveon
6344,216441238,VHC,VirnetX
6345,812943116,VHI,Valhi
6346,841922538,VIAC,ViacomCBS
6347,595291472,VIACA,ViacomCBS
6348,366496160,VIAO,VIA
6349,564233993,VIAV,Viavi
6350,177984473,VIBI,Vilacto
6351,229021805,VICA,Rafina
6352,370092145,VICI,VICI
6353,889205640,VICR,Vicor
6354,567978423,VIE,Viela
6355,8703869,VIEW,View
6356,268874548,VIH,VPC
6357,1045680265,VII,7GC
6358,243941641,VIII,Virgin
6359,1015986273,VINC,Vincerx
6360,827913602,VINO,Gaucho
6361,815516507,VINP,Vinci
6362,625959087,VIOT,Viomi
6363,266802031,VIPS,Vipshop
6364,19944313,VIR,Vir
6365,32605161,VIRC,Virco
6366,950604152,VIRI,Virios
6367,179677039,VIRT,Virtu
6368,873678498,VIRX,Viracta
6369,983139663,VISL,Vislink
6370,803507345,VIST,Vista
6371,145830177,VITL,Vital
6372,951036742,VIV,Telefonica
6373,423955414,VIVE,Viveve
6374,205743688,VIVHY,Vivendi
6375,70270645,VIVO,Meridian
6376,337668361,VJET,Voxeljet
6377,428317905,VKTX,Viking
6378,60068401,VLAT,Valor
6379,551174026,VLDR,Velodyne
6380,771685917,VLGEA,Village
6381,42150045,VLO,Valero
6382,559925864,VLON,Vallon
6383,318150294,VLRS,Controladora
6384,35796109,VLY,Valley
6385,498934781,VMAC,Vistas
6386,246199175,VMAR,Vision
6387,330197283,VMC,Vulcan
6388,724568175,VMD,Viemed
6389,1038802202,VMI,Valmont
6390,281250764,VMW,VMware
6391,1028180568,VNCE,Vince
6392,715833425,VNDA,Vanda
6393,23867891,VNE,Veoneer
6394,645435280,VNET,21Vianet
6395,943992111,VNO,Vornado
6396,298061196,VNOM,Viper
6397,1027773772,VNRX,VolitionRX
6398,713945282,VNT,Vontier
6399,700476600,VNTR,Venator
6400,1043610630,VOC,VOC
6401,278186790,VOD,Vodafone
6402,586062146,VOLT,Volt
6403,321060805,VOR,Vor
6404,54081878,VOSO,Virtuoso
6405,933327530,VOXX,VOXX
6406,999732902,VOYA,Voya
6407,932926094,VPCB,VPC
6408,51146403,VPCC,VPC
6409,725159138,VPG,Vishay
6410,958547716,VRA,Vera
6411,427392890,VRAY,ViewRay
6412,109568227,VRCA,Verrica
6413,119444386,VRDN,Viridian
6414,667823017,VREX,Varex
6415,409356048,VRM,Vroom
6416,699209834,VRME,VerifyMe
6417,300011360,VRML,Vermillion
6418,66568957,VRNA,Verona
6419,105926672,VRNS,Varonis
6420,143989877,VRNT,Verint
6421,666219543,VRPX,Virpax
6422,652090106,VRRM,Verra
6423,138631051,VRS,Verso
6424,487086731,VRSK,Verisk
6425,899236457,VRSN,VeriSign
6426,1014833359,VRT,Vertiv
6427,75599288,VRTS,Virtus
6428,834494724,VRTU,Virtusa
6429,9938739,VRTV,Veritiv
6430,1021693087,VRTX,Vertex
6431,1031962269,VS,Versus
6432,37541626,VSAT,ViaSat
6433,371440886,VSBN,VSB
6434,540741649,VSEC,VSE
6435,572488041,VSH,Vishay
6436,1054289685,VSLR,Vivint
6437,253740458,VSPR,Vesper
6438,969262912,VST,Vistra
6439,670070628,VSTA,Vasta
6440,401412065,VSTM,Verastem
6441,594036845,VSTO,Vista
6442,1068190286,VTAQ,Ventoux
6443,17767247,VTGN,VistaGen
6444,923359138,VTIQ,VectoIQ
6445,959466000,VTNR,Vertex
6446,460104965,VTOL,Bristow
6447,252643525,VTR,Ventas
6448,720879249,VTRS,Viatris
6449,478078138,VTRU,Vitru
6450,233431143,VTSI,VirTra
6451,712546972,VTVT,vTv
6452,390330862,VUZI,Vuzix
6453,916502051,VVI,Viad
6454,427964648,VVNT,Vivint
6455,651150841,VVOS,Vivos
6456,63287886,VVPR,VivoPower
6457,260286002,VVUS,Vivus
6458,611688113,VVUSQ,Vivus
6459,586381976,VVV,Valvoline
6460,500217078,VWAGY,Volkswagen
6461,482876882,VWTR,Vidler
6462,921656479,VXRT,Vaxart
6463,568708683,VYGG,Vy
6464,145888267,VYGR,Voyager
6465,34403669,VYNE,VYNE
6466,1017680770,VZ,Verizon
6467,463606077,VZIO,VIZIO
6468,78757595,W,Wayfair
6469,680708970,WAB,Wabtec
6470,1005596794,WABC,Westamerica
6471,2846042,WAFD,Washington
6472,480786306,WAFU,Wah
6473,839008938,WAL,Western
6474,595918345,WALD,Waldencast
6475,627023457,WARM,Cool
6476,716831261,WARR,Warrior
6477,301616163,WASH,Washington
6478,76106370,WAT,Waters
6479,163820226,WATT,Energous
6480,838728168,WB,Weibo
6481,100394152,WBA,Walgreens
6482,329147732,WBAI,500.com
6483,787072550,WBBW,Westbury
6484,248776868,WBC,WABCO
6485,794246001,WBK,Westpac
6486,223745296,WBS,Webster
6487,460344253,WBT,Welbilt
6488,90809805,WCAGY,Wirecard
6489,977205500,WCAT,Jaws
6490,371132688,WCC,WESCO
6491,407580138,WCG,WellCare
6492,236940660,WCN,Waste
6493,978153672,WD,Walker
6494,292852324,WDAY,Workday
6495,638627702,WDC,Western
6496,619184121,WDDD,Worlds
6497,381665288,WDFC,WD-40
6498,990907742,WDR,Waddell
6499,936688089,WEBK,Wellesley
6500,10740199,WEC,WEC
6501,170367298,WEI,Weidai
6502,788371289,WEIN,West
6503,760316365,WELL,Welltower
6504,174136671,WEN,Wendy's
6505,166873708,WERN,Werner
6506,739620048,WES,Western
6507,87044879,WETF,WisdomTree
6508,67303806,WEX,WEX
6509,548211124,WEYS,Weyco
6510,165435383,WF,Woori
6511,162172866,WFC,Wells
6512,411478354,WFG,West
6513,1064689551,WGO,Winnebago
6514,471239500,WH,Wyndham
6515,322704335,WHD,Cactus
6516,782051105,WHF,WhiteHorse
6517,182241492,WHG,Westwood
6518,359260353,WHLM,Wilhelmina
6519,477146246,WHLR,Wheeler
6520,841701179,WHR,Whirlpool
6521,459297891,WIFI,Boingo
6522,665515837,WILC,G.
6523,739120515,WIMI,WiMi
6524,1028637546,WINA,Winmark
6525,879690708,WING,Wingstop
6526,1055294518,WINMQ,Windstream
6527,182177401,WINR,Simplicity
6528,185820987,WINS,Wins
6529,944128423,WINSF,Wins
6530,211508835,WINT,Windtree
6531,139738721,WIRE,Encore
6532,633891593,WISA,Summit
6533,394765468,WISH,ContextLogic
6534,236087687,WIT,Wipro
6535,382321665,WIX,Wix.com
6536,713088824,WK,Workiva
6537,879113208,WKEY,WISeKey
6538,434602410,WKHS,Workhorse
6539,1055314174,WLDN,Willdan
6540,536914059,WLFC,Willis
6541,1069319208,WLK,Westlake
6542,1038665050,WLKP,Westlake
6543,54909513,WLL,Whiting
6544,61384669,WLMS,Williams
6545,1035045053,WLTW,Willis
6546,147576433,WM,Waste
6547,666942793,WMB,Williams
6548,461188040,WMC,Western
6549,670905768,WMG,Warner
6550,230134283,WMGI,Wright
6551,986860920,WMK,Weis
6552,380743686,WMS,Advanced
6553,929538999,WMT,Walmart
6554,344756418,WNC,Wabash
6555,265343270,WNEB,Western
6556,86989762,WNS,WNS
6557,512686851,WNW,Wunong
6558,39652279,WOLV,Wolverine
6559,196367379,WOOF,Petco
6560,20848107,WOR,Worthington
6561,475543676,WORK,Slack
6562,411959709,WORX,SCWorx
6563,591244407,WOW,WideOpenWest
6564,309154104,WPC,W.P.
6565,135644422,WPCA,Warburg
6566,1027380341,WPCB,Warburg
6567,903658674,WPF,Foley
6568,37445963,WPG,Washington
6569,7072773,WPM,Wheaton
6570,554081894,WPP,WPP
6571,886580253,WPRT,Westport
6572,890278315,WPX,WPX
6573,828567152,WRAP,Wrap
6574,579329996,WRB,W.R.
6575,497468889,WRE,Washington
6576,284911796,WRI,Weingarten
6577,337396357,WRK,WestRock
6578,1017608581,WRLD,World
6579,433541136,WRN,Western
6580,254450029,WRTC,Wrap
6581,180229158,WSBC,WesBanco
6582,864280077,WSBF,Waterstone
6583,849583607,WSC,WillScot
6584,633485738,WSCRF,North
6585,769977828,WSFS,WSFS
6586,557798570,WSG,Wanda
6587,673024506,WSM,Williams-Sonoma
6588,844398117,WSO,Watsco
6589,331600053,WSO.B,Watsco
6590,19655246,WSR,Whitestone
6591,960678278,WST,West
6592,1040782043,WSTG,Wayside
6593,200068409,WSTL,Westell
6594,618921500,WTBA,West
6595,104062622,WTER,Alkaline
6596,324503872,WTFC,Wintrust
6597,335875888,WTI,W&T
6598,303215761,WTM,White
6599,574317308,WTRE,Watford
6600,817525313,WTRG,Essential
6601,96615590,WTRH,Waitr
6602,307447006,WTS,Watts
6603,1015670491,WTT,Wireless
6604,128546318,WTTR,Select
6605,938387049,WTXR,West
6606,419124204,WU,Western
6607,737398339,WUBA,58.com
6608,860609429,WVE,Wave
6609,509235578,WVFC,WVS
6610,433120345,WVVI,Willamette
6611,119615382,WW,WW
6612,395612167,WWD,Woodward
6613,155366924,WWE,World
6614,213832483,WWR,Westwater
6615,906343306,WWW,Wolverine
6616,521671366,WY,Weyerhaeuser
6617,723894232,WYND,Wyndham
6618,719143460,WYNN,Wynn
6619,22546664,WYY,WidePoint
6620,171810139,X,United
6621,958371257,XAIR,Beyond
6622,1014227917,XAN,Exantas
6623,850399923,XBIO,Xenetic
6624,869803600,XBIT,XBiotech
6625,177846643,XCUR,Exicure
6626,569631186,XEC,Cimarex
6627,433987154,XEL,Xcel
6628,1023524520,XELA,Exela
6629,976870926,XELB,XCel
6630,610576729,XENE,Xenon
6631,50133175,XENT,Intersect
6632,987696930,XERS,Xeris
6633,40746424,XFOR,X4
6634,9613463,XGN,Exagen
6635,10805806,XHR,Xenia
6636,872579487,XIACF,Xiaomi
6637,495251945,XIN,Xinyuan
6638,417250317,XL,XL
6639,210075421,XLNX,Xilinx
6640,346033202,XLRN,Acceleron
6641,1022487502,XLSA,Excelsa
6642,299498686,XM,Qualtrics
6643,295641081,XNCR,Xencor
6644,482571508,XNET,Xunlei
6645,460971614,XOG,Extraction
6646,378322046,XOGAQ,Extraction
6647,24730400,XOM,Exxon
6648,309623990,XOMA,XOMA
6649,600032083,XONE,ExOne
6650,1009422237,XP,XP
6651,673808845,XPDI,Power
6652,454908798,XPEL,XPEL
6653,447807480,XPER,Xperi
6654,377546254,XPEV,XPeng
6655,957707219,XPL,Solitario
6656,841806380,XPO,XPO
6657,327718130,XPOA,DPCM
6658,774721823,XRAY,Dentsply
6659,271414534,XRF,China
6660,47977189,XRX,Xerox
6661,437950066,XSPA,XpresSpa
6662,819262399,XTEG,XT
6663,346826989,XTGRF,Xtra-Gold
6664,717030410,XTLB,XTL
6665,676635339,XTNT,Xtant
6666,711121676,XXII,22nd
6667,583798317,XYF,X
6668,496025477,XYL,Xylem
6669,686187656,XYNO,Xynomic
6670,811697378,Y,Alleghany
6671,325762463,YAC,Yucaipa
6672,183659170,YALA,Yalla
6673,12862086,YAYO,Rideshare
6674,375186520,YCBD,cbdMD
6675,380533493,YECO,EV
6676,126719444,YELL,Yellow
6677,559818853,YELP,Yelp
6678,954121839,YETI,YETI
6679,860636715,YEXT,Yext
6680,1027220203,YGEHY,Yingli
6681,1048071,YGMZ,MingZhu
6682,1004092329,YGYI,Youngevity
6683,540893170,YI,111
6684,226396148,YIN,Yintech
6685,846838624,YJ,Yunji
6686,202781348,YMAB,Y-mAbs
6687,762347583,YMTX,Yumanity
6688,664016876,YNDX,Yandex
6689,1046253127,YOGA,YogaWorks
6690,512232916,YOGAQ,YogaWorks
6691,841989773,YORW,York
6692,375528756,YPF,YPF
6693,151831091,YQ,17
6694,849359421,YRCW,YRC
6695,745629532,YRD,Yiren
6696,96450176,YRIV,Yangtze
6697,293432999,YSAC,Yellowstone
6698,1006910362,YSG,Yatsen
6699,947829710,YTEN,Yield10
6700,600691008,YTPG,TPG
6701,143282026,YTRA,Yatra
6702,562473375,YUANF,Fincera
6703,114482724,YUM,Yum!
6704,657065742,YUMA,Yuma
6705,451919234,YUMAQ,Yuma
6706,478284682,YUMC,Yum
6707,968119518,YVR,Liquid
6708,516599997,YY,JOYY
6709,197307014,Z,Zillow
6710,1066560109,ZAGG,Zagg
6711,753442981,ZBH,Zimmer
6712,94873891,ZBRA,Zebra
6713,498002250,ZCMD,Zhongchao
6714,679898543,ZDGE,Zedge
6715,379949427,ZEAL,Zealand
6716,130417264,ZEN,Zendesk
6717,507358855,ZEPP,Zepp
6718,906337014,ZEUS,Olympic
6719,1056254628,ZFGN,Zafgen
6720,658819863,ZG,Zillow
6721,842110107,ZGHB,China
6722,742479660,ZGNX,Zogenix
6723,628597100,ZGYH,Yunhong
6724,861840884,ZH,Zhihu
6725,498819304,ZI,ZoomInfo
6726,796890511,ZIM,ZIM
6727,969730296,ZING,FTAC
6728,361865016,ZION,Zions
6729,269050056,ZIOP,ZIOPHARM
6730,338279587,ZIVO,Zivo
6731,240430339,ZIXI,Zix
6732,1070292164,ZKIN,ZK
6733,84753624,ZLAB,Zai
6734,117783822,ZM,Zoom
6735,236283534,ZMTP,Zoom
6736,61290809,ZN,Zion
6737,394956554,ZNGA,Zynga
6738,899813721,ZNH,China
6739,965460999,ZNOG,Zion
6740,752184348,ZNTE,Zanite
6741,58831742,ZNTL,Zentalis
6742,115226587,ZOM,Zomedica
6743,865269441,ZS,Zscaler
6744,809812672,ZSAN,Zosano
6745,355475428,ZTNO,Zoom
6746,579073303,ZTO,ZTO
6747,546291288,ZTS,Zoetis
6748,1039307718,ZUMZ,Zumiez
6749,240214024,ZUO,Zuora
6750,1009944087,ZVO,Zovio
6751,48554393,ZWRK,Z-Work
6752,332228547,ZXAIY,China
6753,640093213,ZYME,Zymeworks
6754,526967734,ZYNE,Zynerba
6755,240353326,ZYXI,Zynex
